<?xml version="1.0" encoding="UTF-8"?>
<GenRun Id="impl_1" LaunchPart="xc7s15ftgb196-1" LaunchTime="1596352812">
  <File Type="ROUTE-PWR" Name="game_control_power_routed.rpt"/>
  <File Type="PA-TCL" Name="game_control.tcl"/>
  <File Type="BITSTR-BMM" Name="game_control_bd.bmm"/>
  <File Type="ROUTE-PWR-SUM" Name="game_control_power_summary_routed.pb"/>
  <File Type="REPORTS-TCL" Name="game_control_reports.tcl"/>
  <File Type="OPT-DCP" Name="game_control_opt.dcp"/>
  <File Type="OPT-DRC" Name="game_control_drc_opted.rpt"/>
  <File Type="OPT-HWDEF" Name="game_control.hwdef"/>
  <File Type="PWROPT-DCP" Name="game_control_pwropt.dcp"/>
  <File Type="PLACE-DCP" Name="game_control_placed.dcp"/>
  <File Type="PLACE-IO" Name="game_control_io_placed.rpt"/>
  <File Type="PLACE-UTIL" Name="game_control_utilization_placed.rpt"/>
  <File Type="PLACE-UTIL-PB" Name="game_control_utilization_placed.pb"/>
  <File Type="PLACE-CTRL" Name="game_control_control_sets_placed.rpt"/>
  <File Type="PLACE-PRE-SIMILARITY" Name="game_control_incremental_reuse_pre_placed.rpt"/>
  <File Type="BG-BGN" Name="game_control.bgn"/>
  <File Type="POSTPLACE-PWROPT-DCP" Name="game_control_postplace_pwropt.dcp"/>
  <File Type="BG-BIN" Name="game_control.bin"/>
  <File Type="PHYSOPT-DCP" Name="game_control_physopt.dcp"/>
  <File Type="BITSTR-MSK" Name="game_control.msk"/>
  <File Type="ROUTE-ERROR-DCP" Name="game_control_routed_error.dcp"/>
  <File Type="ROUTE-DCP" Name="game_control_routed.dcp"/>
  <File Type="ROUTE-BLACKBOX-DCP" Name="game_control_routed_bb.dcp"/>
  <File Type="ROUTE-DRC" Name="game_control_drc_routed.rpt"/>
  <File Type="ROUTE-DRC-PB" Name="game_control_drc_routed.pb"/>
  <File Type="ROUTE-DRC-RPX" Name="game_control_drc_routed.rpx"/>
  <File Type="BITSTR-LTX" Name="game_control.ltx"/>
  <File Type="ROUTE-METHODOLOGY-DRC" Name="game_control_methodology_drc_routed.rpt"/>
  <File Type="BITSTR-MMI" Name="game_control.mmi"/>
  <File Type="ROUTE-METHODOLOGY-DRC-RPX" Name="game_control_methodology_drc_routed.rpx"/>
  <File Type="ROUTE-METHODOLOGY-DRC-PB" Name="game_control_methodology_drc_routed.pb"/>
  <File Type="BITSTR-SYSDEF" Name="game_control.sysdef"/>
  <File Type="ROUTE-PWR-RPX" Name="game_control_power_routed.rpx"/>
  <File Type="ROUTE-STATUS" Name="game_control_route_status.rpt"/>
  <File Type="ROUTE-STATUS-PB" Name="game_control_route_status.pb"/>
  <File Type="ROUTE-TIMINGSUMMARY" Name="game_control_timing_summary_routed.rpt"/>
  <File Type="ROUTE-TIMING-PB" Name="game_control_timing_summary_routed.pb"/>
  <File Type="ROUTE-TIMING-RPX" Name="game_control_timing_summary_routed.rpx"/>
  <File Type="ROUTE-CLK" Name="game_control_clock_utilization_routed.rpt"/>
  <File Type="ROUTE-BUS-SKEW" Name="game_control_bus_skew_routed.rpt"/>
  <File Type="ROUTE-BUS-SKEW-PB" Name="game_control_bus_skew_routed.pb"/>
  <File Type="ROUTE-BUS-SKEW-RPX" Name="game_control_bus_skew_routed.rpx"/>
  <File Type="POSTROUTE-PHYSOPT-DCP" Name="game_control_postroute_physopt.dcp"/>
  <File Type="POSTROUTE-PHYSOPT-BLACKBOX-DCP" Name="game_control_postroute_physopt_bb.dcp"/>
  <File Type="BG-BIT" Name="game_control.bit"/>
  <File Type="BITSTR-RBT" Name="game_control.rbt"/>
  <File Type="BITSTR-NKY" Name="game_control.nky"/>
  <File Type="BG-DRC" Name="game_control.drc"/>
  <File Type="RDI-RDI" Name="game_control.vdi"/>
  <File Type="WBT-USG" Name="usage_statistics_webtalk.html"/>
  <FileSet Name="sources" Type="DesignSrcs" RelSrcDir="$PSRCDIR/sources_1">
    <Filter Type="Srcs"/>
    <File Path="$PSRCDIR/sources_1/new/Driver_HDMI.v">
      <FileInfo>
        <Attr Name="ImportPath" Val="$PPRDIR/../../../../../../vivadoprojects/cmplt.srcs/sources_1/new/Driver_HDMI.v"/>
        <Attr Name="ImportTime" Val="1596213886"/>
        <Attr Name="UsedIn" Val="synthesis"/>
        <Attr Name="UsedIn" Val="implementation"/>
        <Attr Name="UsedIn" Val="simulation"/>
      </FileInfo>
    </File>
    <File Path="$PSRCDIR/sources_1/new/ball_control.v">
      <FileInfo>
        <Attr Name="ImportPath" Val="$PPRDIR/../../../../../../final/final.srcs/sources_1/new/ball_control.v"/>
        <Attr Name="ImportTime" Val="1596153233"/>
        <Attr Name="UsedIn" Val="synthesis"/>
        <Attr Name="UsedIn" Val="implementation"/>
        <Attr Name="UsedIn" Val="simulation"/>
      </FileInfo>
    </File>
    <File Path="$PSRCDIR/sources_1/new/board_control.v">
      <FileInfo>
        <Attr Name="ImportPath" Val="$PPRDIR/../../../../../../final/final.srcs/sources_1/new/board_control.v"/>
        <Attr Name="ImportTime" Val="1596147790"/>
        <Attr Name="UsedIn" Val="synthesis"/>
        <Attr Name="UsedIn" Val="implementation"/>
        <Attr Name="UsedIn" Val="simulation"/>
      </FileInfo>
    </File>
    <File Path="$PSRCDIR/sources_1/new/brick_control.v">
      <FileInfo>
        <Attr Name="ImportPath" Val="$PPRDIR/../../../../../../final/final.srcs/sources_1/new/brick_control.v"/>
        <Attr Name="ImportTime" Val="1596148105"/>
        <Attr Name="UsedIn" Val="synthesis"/>
        <Attr Name="UsedIn" Val="implementation"/>
        <Attr Name="UsedIn" Val="simulation"/>
      </FileInfo>
    </File>
    <File Path="$PSRCDIR/sources_1/new/turn2rgb.v">
      <FileInfo>
        <Attr Name="ImportPath" Val="$PPRDIR/../../../../../../vivadoprojects/projectsuc/projectsucc.srcs/sources_1/new/turn2rgb.v"/>
        <Attr Name="ImportTime" Val="1596303274"/>
        <Attr Name="UsedIn" Val="synthesis"/>
        <Attr Name="UsedIn" Val="implementation"/>
        <Attr Name="UsedIn" Val="simulation"/>
      </FileInfo>
    </File>
    <File Path="$PSRCDIR/sources_1/new/game_control.v">
      <FileInfo>
        <Attr Name="ImportPath" Val="$PPRDIR/../../../../../../final/final.srcs/sources_1/new/game_control.v"/>
        <Attr Name="ImportTime" Val="1596153554"/>
        <Attr Name="UsedIn" Val="synthesis"/>
        <Attr Name="UsedIn" Val="implementation"/>
        <Attr Name="UsedIn" Val="simulation"/>
      </FileInfo>
    </File>
    <Config>
      <Option Name="DesignMode" Val="RTL"/>
      <Option Name="TopModule" Val="game_control"/>
      <Option Name="TopAutoSet" Val="TRUE"/>
    </Config>
  </FileSet>
  <FileSet Name="constrs_in" Type="Constrs" RelSrcDir="$PSRCDIR/constrs_1">
    <Filter Type="Constrs"/>
    <File Path="$PSRCDIR/constrs_1/imports/vivadoprojects/system.xdc">
      <FileInfo>
        <Attr Name="ImportPath" Val="$PPRDIR/../../../../../../system.xdc"/>
        <Attr Name="ImportTime" Val="1596154263"/>
        <Attr Name="UsedIn" Val="synthesis"/>
        <Attr Name="UsedIn" Val="implementation"/>
      </FileInfo>
    </File>
    <Config>
      <Option Name="TargetConstrsFile" Val="$PSRCDIR/constrs_1/imports/vivadoprojects/system.xdc"/>
      <Option Name="ConstrsType" Val="XDC"/>
    </Config>
  </FileSet>
  <FileSet Name="utils" Type="Utils" RelSrcDir="$PSRCDIR/utils_1">
    <Filter Type="Utils"/>
    <Config>
      <Option Name="TopAutoSet" Val="TRUE"/>
    </Config>
  </FileSet>
  <Strategy Version="1" Minor="2">
    <StratHandle Name="Vivado Implementation Defaults" Flow="Vivado Implementation 2018"/>
    <Step Id="init_design"/>
    <Step Id="opt_design"/>
    <Step Id="power_opt_design"/>
    <Step Id="place_design"/>
    <Step Id="post_place_power_opt_design"/>
    <Step Id="phys_opt_design"/>
    <Step Id="route_design"/>
    <Step Id="post_route_phys_opt_design"/>
    <Step Id="write_bitstream"/>
  </Strategy>
  <BlockFileSet Type="BlockSrcs" Name="rgb2dvi_0"/>
  <BlockFileSet Type="BlockSrcs" Name="clk_wiz_0"/>
</GenRun>
