<?xml version="1.0" encoding="UTF-8" ?>
<webTalkData  fileName='usage_statistics_webtalk.xml'  majorVersion='1' minorVersion='0' timeStamp='Sun Aug  2 15:53:33 2020'>
<section name="__ROOT__" level="0" order="1" description="">
 <section name="software_version_and_target_device" level="1" order="1" description="">
  <keyValuePair key="beta" value="FALSE" description="" />
  <keyValuePair key="build_version" value="2405991" description="" />
  <keyValuePair key="date_generated" value="Sun Aug  2 15:53:33 2020" description="" />
  <keyValuePair key="os_platform" value="WIN64" description="" />
  <keyValuePair key="product_version" value="Vivado v2018.3 (64-bit)" description="" />
  <keyValuePair key="project_id" value="4d4563a39f0040669f1bafef888a48c8" description="" />
  <keyValuePair key="project_iteration" value="13" description="" />
  <keyValuePair key="random_id" value="40b1f2a2b80958d7b06aaf4663f7ab20" description="" />
  <keyValuePair key="registration_id" value="40b1f2a2b80958d7b06aaf4663f7ab20" description="" />
  <keyValuePair key="route_design" value="TRUE" description="" />
  <keyValuePair key="target_device" value="xc7s15" description="" />
  <keyValuePair key="target_family" value="spartan7" description="" />
  <keyValuePair key="target_package" value="ftgb196" description="" />
  <keyValuePair key="target_speed" value="-1" description="" />
  <keyValuePair key="tool_flow" value="Vivado" description="" />
 </section>
 <section name="user_environment" level="1" order="2" description="">
  <keyValuePair key="cpu_name" value="Intel(R) Core(TM) i5-7300U CPU @ 2.60GHz" description="" />
  <keyValuePair key="cpu_speed" value="2712 MHz" description="" />
  <keyValuePair key="os_name" value="Microsoft Windows 8 or later , 64-bit" description="" />
  <keyValuePair key="os_release" value="major release  (build 9200)" description="" />
  <keyValuePair key="system_ram" value="8.000 GB" description="" />
  <keyValuePair key="total_processors" value="1" description="" />
 </section>
 <section name="ip_statistics" level="1" order="3" description="">
  <section name="clk_wiz_v6_0_2_0_0/1" level="2" order="1" description="">
   <keyValuePair key="clkin1_period" value="10.000" description="" />
   <keyValuePair key="clkin2_period" value="10.000" description="" />
   <keyValuePair key="clock_mgr_type" value="NA" description="" />
   <keyValuePair key="component_name" value="clk_wiz_0" description="" />
   <keyValuePair key="core_container" value="NA" description="" />
   <keyValuePair key="enable_axi" value="0" description="" />
   <keyValuePair key="feedback_source" value="FDBK_AUTO" description="" />
   <keyValuePair key="feedback_type" value="SINGLE" description="" />
   <keyValuePair key="iptotal" value="1" description="" />
   <keyValuePair key="manual_override" value="false" description="" />
   <keyValuePair key="num_out_clk" value="2" description="" />
   <keyValuePair key="primitive" value="MMCM" description="" />
   <keyValuePair key="use_dyn_phase_shift" value="false" description="" />
   <keyValuePair key="use_dyn_reconfig" value="false" description="" />
   <keyValuePair key="use_inclk_stopped" value="false" description="" />
   <keyValuePair key="use_inclk_switchover" value="false" description="" />
   <keyValuePair key="use_locked" value="false" description="" />
   <keyValuePair key="use_max_i_jitter" value="false" description="" />
   <keyValuePair key="use_min_o_jitter" value="false" description="" />
   <keyValuePair key="use_phase_alignment" value="true" description="" />
   <keyValuePair key="use_power_down" value="false" description="" />
   <keyValuePair key="use_reset" value="false" description="" />
  </section>
 </section>
 <section name="report_drc" level="1" order="4" description="">
  <section name="command_line_options" level="2" order="1" description="">
   <keyValuePair key="-append" value="default::[not_specified]" description="" />
   <keyValuePair key="-checks" value="default::[not_specified]" description="" />
   <keyValuePair key="-fail_on" value="default::[not_specified]" description="" />
   <keyValuePair key="-force" value="default::[not_specified]" description="" />
   <keyValuePair key="-format" value="default::[not_specified]" description="" />
   <keyValuePair key="-internal" value="default::[not_specified]" description="" />
   <keyValuePair key="-internal_only" value="default::[not_specified]" description="" />
   <keyValuePair key="-messages" value="default::[not_specified]" description="" />
   <keyValuePair key="-name" value="default::[not_specified]" description="" />
   <keyValuePair key="-no_waivers" value="default::[not_specified]" description="" />
   <keyValuePair key="-return_string" value="default::[not_specified]" description="" />
   <keyValuePair key="-ruledecks" value="default::[not_specified]" description="" />
   <keyValuePair key="-upgrade_cw" value="default::[not_specified]" description="" />
   <keyValuePair key="-waived" value="default::[not_specified]" description="" />
  </section>
  <section name="results" level="2" order="2" description="">
   <keyValuePair key="cfgbvs-1" value="1" description="" />
  </section>
 </section>
 <section name="report_utilization" level="1" order="5" description="">
  <section name="clocking" level="2" order="1" description="">
   <keyValuePair key="bufgctrl_available" value="16" description="" />
   <keyValuePair key="bufgctrl_fixed" value="0" description="" />
   <keyValuePair key="bufgctrl_used" value="4" description="" />
   <keyValuePair key="bufgctrl_util_percentage" value="25.00" description="" />
   <keyValuePair key="bufhce_available" value="24" description="" />
   <keyValuePair key="bufhce_fixed" value="0" description="" />
   <keyValuePair key="bufhce_used" value="0" description="" />
   <keyValuePair key="bufhce_util_percentage" value="0.00" description="" />
   <keyValuePair key="bufio_available" value="8" description="" />
   <keyValuePair key="bufio_fixed" value="0" description="" />
   <keyValuePair key="bufio_used" value="0" description="" />
   <keyValuePair key="bufio_util_percentage" value="0.00" description="" />
   <keyValuePair key="bufmrce_available" value="4" description="" />
   <keyValuePair key="bufmrce_fixed" value="0" description="" />
   <keyValuePair key="bufmrce_used" value="0" description="" />
   <keyValuePair key="bufmrce_util_percentage" value="0.00" description="" />
   <keyValuePair key="bufr_available" value="8" description="" />
   <keyValuePair key="bufr_fixed" value="0" description="" />
   <keyValuePair key="bufr_used" value="0" description="" />
   <keyValuePair key="bufr_util_percentage" value="0.00" description="" />
   <keyValuePair key="mmcme2_adv_available" value="2" description="" />
   <keyValuePair key="mmcme2_adv_fixed" value="0" description="" />
   <keyValuePair key="mmcme2_adv_used" value="1" description="" />
   <keyValuePair key="mmcme2_adv_util_percentage" value="50.00" description="" />
   <keyValuePair key="plle2_adv_available" value="2" description="" />
   <keyValuePair key="plle2_adv_fixed" value="0" description="" />
   <keyValuePair key="plle2_adv_used" value="0" description="" />
   <keyValuePair key="plle2_adv_util_percentage" value="0.00" description="" />
  </section>
  <section name="dsp" level="2" order="2" description="">
   <keyValuePair key="dsps_available" value="20" description="" />
   <keyValuePair key="dsps_fixed" value="0" description="" />
   <keyValuePair key="dsps_used" value="0" description="" />
   <keyValuePair key="dsps_util_percentage" value="0.00" description="" />
  </section>
  <section name="io_standard" level="2" order="3" description="">
   <keyValuePair key="blvds_25" value="0" description="" />
   <keyValuePair key="diff_hstl_i" value="0" description="" />
   <keyValuePair key="diff_hstl_i_18" value="0" description="" />
   <keyValuePair key="diff_hstl_ii" value="0" description="" />
   <keyValuePair key="diff_hstl_ii_18" value="0" description="" />
   <keyValuePair key="diff_hsul_12" value="0" description="" />
   <keyValuePair key="diff_mobile_ddr" value="0" description="" />
   <keyValuePair key="diff_sstl135" value="0" description="" />
   <keyValuePair key="diff_sstl135_r" value="0" description="" />
   <keyValuePair key="diff_sstl15" value="0" description="" />
   <keyValuePair key="diff_sstl15_r" value="0" description="" />
   <keyValuePair key="diff_sstl18_i" value="0" description="" />
   <keyValuePair key="diff_sstl18_ii" value="0" description="" />
   <keyValuePair key="hstl_i" value="0" description="" />
   <keyValuePair key="hstl_i_18" value="0" description="" />
   <keyValuePair key="hstl_ii" value="0" description="" />
   <keyValuePair key="hstl_ii_18" value="0" description="" />
   <keyValuePair key="hsul_12" value="0" description="" />
   <keyValuePair key="lvcmos12" value="0" description="" />
   <keyValuePair key="lvcmos15" value="0" description="" />
   <keyValuePair key="lvcmos18" value="0" description="" />
   <keyValuePair key="lvcmos25" value="0" description="" />
   <keyValuePair key="lvcmos33" value="1" description="" />
   <keyValuePair key="lvds_25" value="0" description="" />
   <keyValuePair key="lvttl" value="0" description="" />
   <keyValuePair key="mini_lvds_25" value="0" description="" />
   <keyValuePair key="mobile_ddr" value="0" description="" />
   <keyValuePair key="pci33_3" value="0" description="" />
   <keyValuePair key="ppds_25" value="0" description="" />
   <keyValuePair key="rsds_25" value="0" description="" />
   <keyValuePair key="sstl135" value="0" description="" />
   <keyValuePair key="sstl135_r" value="0" description="" />
   <keyValuePair key="sstl15" value="0" description="" />
   <keyValuePair key="sstl15_r" value="0" description="" />
   <keyValuePair key="sstl18_i" value="0" description="" />
   <keyValuePair key="sstl18_ii" value="0" description="" />
   <keyValuePair key="tmds_33" value="1" description="" />
  </section>
  <section name="memory" level="2" order="4" description="">
   <keyValuePair key="block_ram_tile_available" value="10" description="" />
   <keyValuePair key="block_ram_tile_fixed" value="0" description="" />
   <keyValuePair key="block_ram_tile_used" value="0" description="" />
   <keyValuePair key="block_ram_tile_util_percentage" value="0.00" description="" />
   <keyValuePair key="ramb18_available" value="20" description="" />
   <keyValuePair key="ramb18_fixed" value="0" description="" />
   <keyValuePair key="ramb18_used" value="0" description="" />
   <keyValuePair key="ramb18_util_percentage" value="0.00" description="" />
   <keyValuePair key="ramb36_fifo_available" value="10" description="" />
   <keyValuePair key="ramb36_fifo_fixed" value="0" description="" />
   <keyValuePair key="ramb36_fifo_used" value="0" description="" />
   <keyValuePair key="ramb36_fifo_util_percentage" value="0.00" description="" />
  </section>
  <section name="primitives" level="2" order="5" description="">
   <keyValuePair key="bufg_functional_category" value="Clock" description="" />
   <keyValuePair key="bufg_used" value="4" description="" />
   <keyValuePair key="carry4_functional_category" value="CarryLogic" description="" />
   <keyValuePair key="carry4_used" value="60" description="" />
   <keyValuePair key="fdce_functional_category" value="Flop &amp; Latch" description="" />
   <keyValuePair key="fdce_used" value="3" description="" />
   <keyValuePair key="fdpe_functional_category" value="Flop &amp; Latch" description="" />
   <keyValuePair key="fdpe_used" value="2" description="" />
   <keyValuePair key="fdre_functional_category" value="Flop &amp; Latch" description="" />
   <keyValuePair key="fdre_used" value="185" description="" />
   <keyValuePair key="fdse_functional_category" value="Flop &amp; Latch" description="" />
   <keyValuePair key="fdse_used" value="17" description="" />
   <keyValuePair key="ibuf_functional_category" value="IO" description="" />
   <keyValuePair key="ibuf_used" value="4" description="" />
   <keyValuePair key="lut1_functional_category" value="LUT" description="" />
   <keyValuePair key="lut1_used" value="30" description="" />
   <keyValuePair key="lut2_functional_category" value="LUT" description="" />
   <keyValuePair key="lut2_used" value="148" description="" />
   <keyValuePair key="lut3_functional_category" value="LUT" description="" />
   <keyValuePair key="lut3_used" value="69" description="" />
   <keyValuePair key="lut4_functional_category" value="LUT" description="" />
   <keyValuePair key="lut4_used" value="126" description="" />
   <keyValuePair key="lut5_functional_category" value="LUT" description="" />
   <keyValuePair key="lut5_used" value="67" description="" />
   <keyValuePair key="lut6_functional_category" value="LUT" description="" />
   <keyValuePair key="lut6_used" value="117" description="" />
   <keyValuePair key="mmcme2_adv_functional_category" value="Clock" description="" />
   <keyValuePair key="mmcme2_adv_used" value="1" description="" />
   <keyValuePair key="obufds_functional_category" value="IO" description="" />
   <keyValuePair key="obufds_used" value="4" description="" />
   <keyValuePair key="oserdese2_functional_category" value="IO" description="" />
   <keyValuePair key="oserdese2_used" value="8" description="" />
  </section>
  <section name="slice_logic" level="2" order="6" description="">
   <keyValuePair key="f7_muxes_available" value="4000" description="" />
   <keyValuePair key="f7_muxes_fixed" value="0" description="" />
   <keyValuePair key="f7_muxes_used" value="0" description="" />
   <keyValuePair key="f7_muxes_util_percentage" value="0.00" description="" />
   <keyValuePair key="f8_muxes_available" value="2000" description="" />
   <keyValuePair key="f8_muxes_fixed" value="0" description="" />
   <keyValuePair key="f8_muxes_used" value="0" description="" />
   <keyValuePair key="f8_muxes_util_percentage" value="0.00" description="" />
   <keyValuePair key="lut_as_distributed_ram_fixed" value="0" description="" />
   <keyValuePair key="lut_as_distributed_ram_used" value="0" description="" />
   <keyValuePair key="lut_as_logic_available" value="8000" description="" />
   <keyValuePair key="lut_as_logic_available" value="8000" description="" />
   <keyValuePair key="lut_as_logic_fixed" value="0" description="" />
   <keyValuePair key="lut_as_logic_fixed" value="0" description="" />
   <keyValuePair key="lut_as_logic_used" value="436" description="" />
   <keyValuePair key="lut_as_logic_used" value="436" description="" />
   <keyValuePair key="lut_as_logic_util_percentage" value="5.45" description="" />
   <keyValuePair key="lut_as_logic_util_percentage" value="5.45" description="" />
   <keyValuePair key="lut_as_memory_available" value="2400" description="" />
   <keyValuePair key="lut_as_memory_available" value="2400" description="" />
   <keyValuePair key="lut_as_memory_fixed" value="0" description="" />
   <keyValuePair key="lut_as_memory_fixed" value="0" description="" />
   <keyValuePair key="lut_as_memory_used" value="0" description="" />
   <keyValuePair key="lut_as_memory_used" value="0" description="" />
   <keyValuePair key="lut_as_memory_util_percentage" value="0.00" description="" />
   <keyValuePair key="lut_as_memory_util_percentage" value="0.00" description="" />
   <keyValuePair key="lut_as_shift_register_fixed" value="0" description="" />
   <keyValuePair key="lut_as_shift_register_used" value="0" description="" />
   <keyValuePair key="lut_in_front_of_the_register_is_unused_fixed" value="0" description="" />
   <keyValuePair key="lut_in_front_of_the_register_is_unused_used" value="19" description="" />
   <keyValuePair key="lut_in_front_of_the_register_is_used_fixed" value="19" description="" />
   <keyValuePair key="lut_in_front_of_the_register_is_used_used" value="36" description="" />
   <keyValuePair key="register_as_flip_flop_available" value="16000" description="" />
   <keyValuePair key="register_as_flip_flop_fixed" value="0" description="" />
   <keyValuePair key="register_as_flip_flop_used" value="207" description="" />
   <keyValuePair key="register_as_flip_flop_util_percentage" value="1.29" description="" />
   <keyValuePair key="register_as_latch_available" value="16000" description="" />
   <keyValuePair key="register_as_latch_fixed" value="0" description="" />
   <keyValuePair key="register_as_latch_used" value="0" description="" />
   <keyValuePair key="register_as_latch_util_percentage" value="0.00" description="" />
   <keyValuePair key="register_driven_from_outside_the_slice_fixed" value="36" description="" />
   <keyValuePair key="register_driven_from_outside_the_slice_used" value="55" description="" />
   <keyValuePair key="register_driven_from_within_the_slice_fixed" value="55" description="" />
   <keyValuePair key="register_driven_from_within_the_slice_used" value="152" description="" />
   <keyValuePair key="slice_available" value="2000" description="" />
   <keyValuePair key="slice_fixed" value="0" description="" />
   <keyValuePair key="slice_luts_available" value="8000" description="" />
   <keyValuePair key="slice_luts_fixed" value="0" description="" />
   <keyValuePair key="slice_luts_used" value="436" description="" />
   <keyValuePair key="slice_luts_util_percentage" value="5.45" description="" />
   <keyValuePair key="slice_registers_available" value="16000" description="" />
   <keyValuePair key="slice_registers_available" value="16000" description="" />
   <keyValuePair key="slice_registers_fixed" value="0" description="" />
   <keyValuePair key="slice_registers_fixed" value="0" description="" />
   <keyValuePair key="slice_registers_used" value="207" description="" />
   <keyValuePair key="slice_registers_used" value="207" description="" />
   <keyValuePair key="slice_registers_util_percentage" value="1.29" description="" />
   <keyValuePair key="slice_registers_util_percentage" value="1.29" description="" />
   <keyValuePair key="slice_used" value="144" description="" />
   <keyValuePair key="slice_util_percentage" value="7.20" description="" />
   <keyValuePair key="slicel_fixed" value="0" description="" />
   <keyValuePair key="slicel_used" value="95" description="" />
   <keyValuePair key="slicem_fixed" value="0" description="" />
   <keyValuePair key="slicem_used" value="49" description="" />
   <keyValuePair key="unique_control_sets_available" value="2000" description="" />
   <keyValuePair key="unique_control_sets_fixed" value="2000" description="" />
   <keyValuePair key="unique_control_sets_used" value="9" description="" />
   <keyValuePair key="unique_control_sets_util_percentage" value="0.45" description="" />
   <keyValuePair key="using_o5_and_o6_fixed" value="0.45" description="" />
   <keyValuePair key="using_o5_and_o6_used" value="121" description="" />
   <keyValuePair key="using_o5_output_only_fixed" value="121" description="" />
   <keyValuePair key="using_o5_output_only_used" value="1" description="" />
   <keyValuePair key="using_o6_output_only_fixed" value="1" description="" />
   <keyValuePair key="using_o6_output_only_used" value="314" description="" />
  </section>
  <section name="specific_feature" level="2" order="7" description="">
   <keyValuePair key="bscane2_available" value="4" description="" />
   <keyValuePair key="bscane2_fixed" value="0" description="" />
   <keyValuePair key="bscane2_used" value="0" description="" />
   <keyValuePair key="bscane2_util_percentage" value="0.00" description="" />
   <keyValuePair key="capturee2_available" value="1" description="" />
   <keyValuePair key="capturee2_fixed" value="0" description="" />
   <keyValuePair key="capturee2_used" value="0" description="" />
   <keyValuePair key="capturee2_util_percentage" value="0.00" description="" />
   <keyValuePair key="dna_port_available" value="1" description="" />
   <keyValuePair key="dna_port_fixed" value="0" description="" />
   <keyValuePair key="dna_port_used" value="0" description="" />
   <keyValuePair key="dna_port_util_percentage" value="0.00" description="" />
   <keyValuePair key="efuse_usr_available" value="1" description="" />
   <keyValuePair key="efuse_usr_fixed" value="0" description="" />
   <keyValuePair key="efuse_usr_used" value="0" description="" />
   <keyValuePair key="efuse_usr_util_percentage" value="0.00" description="" />
   <keyValuePair key="frame_ecce2_available" value="1" description="" />
   <keyValuePair key="frame_ecce2_fixed" value="0" description="" />
   <keyValuePair key="frame_ecce2_used" value="0" description="" />
   <keyValuePair key="frame_ecce2_util_percentage" value="0.00" description="" />
   <keyValuePair key="icape2_available" value="2" description="" />
   <keyValuePair key="icape2_fixed" value="0" description="" />
   <keyValuePair key="icape2_used" value="0" description="" />
   <keyValuePair key="icape2_util_percentage" value="0.00" description="" />
   <keyValuePair key="startupe2_available" value="1" description="" />
   <keyValuePair key="startupe2_fixed" value="0" description="" />
   <keyValuePair key="startupe2_used" value="0" description="" />
   <keyValuePair key="startupe2_util_percentage" value="0.00" description="" />
  </section>
 </section>
 <section name="synthesis" level="1" order="6" description="">
  <section name="command_line_options" level="2" order="1" description="">
   <keyValuePair key="-assert" value="default::[not_specified]" description="" />
   <keyValuePair key="-bufg" value="default::12" description="" />
   <keyValuePair key="-cascade_dsp" value="default::auto" description="" />
   <keyValuePair key="-constrset" value="default::[not_specified]" description="" />
   <keyValuePair key="-control_set_opt_threshold" value="default::auto" description="" />
   <keyValuePair key="-directive" value="default::default" description="" />
   <keyValuePair key="-fanout_limit" value="default::10000" description="" />
   <keyValuePair key="-flatten_hierarchy" value="default::rebuilt" description="" />
   <keyValuePair key="-fsm_extraction" value="default::auto" description="" />
   <keyValuePair key="-gated_clock_conversion" value="default::off" description="" />
   <keyValuePair key="-generic" value="default::[not_specified]" description="" />
   <keyValuePair key="-include_dirs" value="default::[not_specified]" description="" />
   <keyValuePair key="-keep_equivalent_registers" value="default::[not_specified]" description="" />
   <keyValuePair key="-max_bram" value="default::-1" description="" />
   <keyValuePair key="-max_bram_cascade_height" value="default::-1" description="" />
   <keyValuePair key="-max_dsp" value="default::-1" description="" />
   <keyValuePair key="-max_uram" value="default::-1" description="" />
   <keyValuePair key="-max_uram_cascade_height" value="default::-1" description="" />
   <keyValuePair key="-mode" value="default::default" description="" />
   <keyValuePair key="-name" value="default::[not_specified]" description="" />
   <keyValuePair key="-no_lc" value="default::[not_specified]" description="" />
   <keyValuePair key="-no_srlextract" value="default::[not_specified]" description="" />
   <keyValuePair key="-no_timing_driven" value="default::[not_specified]" description="" />
   <keyValuePair key="-part" value="xc7s15ftgb196-1" description="" />
   <keyValuePair key="-resource_sharing" value="default::auto" description="" />
   <keyValuePair key="-retiming" value="default::[not_specified]" description="" />
   <keyValuePair key="-rtl" value="default::[not_specified]" description="" />
   <keyValuePair key="-rtl_skip_constraints" value="default::[not_specified]" description="" />
   <keyValuePair key="-rtl_skip_ip" value="default::[not_specified]" description="" />
   <keyValuePair key="-seu_protect" value="default::none" description="" />
   <keyValuePair key="-sfcu" value="default::[not_specified]" description="" />
   <keyValuePair key="-shreg_min_size" value="default::3" description="" />
   <keyValuePair key="-top" value="game_control" description="" />
   <keyValuePair key="-verilog_define" value="default::[not_specified]" description="" />
  </section>
  <section name="usage" level="2" order="2" description="">
   <keyValuePair key="elapsed" value="00:00:35s" description="" />
   <keyValuePair key="hls_ip" value="0" description="" />
   <keyValuePair key="memory_gain" value="511.289MB" description="" />
   <keyValuePair key="memory_peak" value="866.039MB" description="" />
  </section>
 </section>
 <section name="unisim_transformation" level="1" order="7" description="">
  <section name="post_unisim_transformation" level="2" order="1" description="">
   <keyValuePair key="bufg" value="3" description="" />
   <keyValuePair key="carry4" value="61" description="" />
   <keyValuePair key="fdce" value="3" description="" />
   <keyValuePair key="fdpe" value="2" description="" />
   <keyValuePair key="fdre" value="196" description="" />
   <keyValuePair key="fdse" value="17" description="" />
   <keyValuePair key="gnd" value="19" description="" />
   <keyValuePair key="ibuf" value="4" description="" />
   <keyValuePair key="lut1" value="27" description="" />
   <keyValuePair key="lut2" value="132" description="" />
   <keyValuePair key="lut3" value="85" description="" />
   <keyValuePair key="lut4" value="146" description="" />
   <keyValuePair key="lut5" value="75" description="" />
   <keyValuePair key="lut6" value="149" description="" />
   <keyValuePair key="mmcme2_adv" value="1" description="" />
   <keyValuePair key="obufds" value="4" description="" />
   <keyValuePair key="oserdese2" value="8" description="" />
   <keyValuePair key="vcc" value="15" description="" />
  </section>
  <section name="pre_unisim_transformation" level="2" order="2" description="">
   <keyValuePair key="bufg" value="3" description="" />
   <keyValuePair key="carry4" value="61" description="" />
   <keyValuePair key="fdce" value="3" description="" />
   <keyValuePair key="fdpe" value="2" description="" />
   <keyValuePair key="fdre" value="196" description="" />
   <keyValuePair key="fdse" value="17" description="" />
   <keyValuePair key="gnd" value="19" description="" />
   <keyValuePair key="ibuf" value="5" description="" />
   <keyValuePair key="lut1" value="27" description="" />
   <keyValuePair key="lut2" value="132" description="" />
   <keyValuePair key="lut3" value="85" description="" />
   <keyValuePair key="lut4" value="146" description="" />
   <keyValuePair key="lut5" value="75" description="" />
   <keyValuePair key="lut6" value="149" description="" />
   <keyValuePair key="mmcme2_adv" value="1" description="" />
   <keyValuePair key="obufds" value="4" description="" />
   <keyValuePair key="oserdese2" value="8" description="" />
   <keyValuePair key="vcc" value="15" description="" />
  </section>
 </section>
 <section name="vivado_usage" level="1" order="8" description="">
  <section name="gui_handlers" level="2" order="1" description="">
   <keyValuePair key="abstractcombinedpanel_add_element" value="4" description="" />
   <keyValuePair key="abstractfileview_reload" value="1" description="" />
   <keyValuePair key="addrepositoryinfodialog_ok" value="3" description="" />
   <keyValuePair key="addrepositoryinfodialog_repository_tree" value="1" description="" />
   <keyValuePair key="addsrcwizard_specify_or_create_constraint_files" value="1" description="" />
   <keyValuePair key="basedialog_cancel" value="26" description="" />
   <keyValuePair key="basedialog_no" value="1" description="" />
   <keyValuePair key="basedialog_ok" value="180" description="" />
   <keyValuePair key="basedialog_yes" value="7" description="" />
   <keyValuePair key="basereporttab_rerun" value="1" description="" />
   <keyValuePair key="checktimingresulttreetablepanel_check_timing_result_tree_table" value="4" description="" />
   <keyValuePair key="clocksummarytreetablepanel_clock_summary_tree_table" value="6" description="" />
   <keyValuePair key="closeplanner_no" value="1" description="" />
   <keyValuePair key="closeplanner_yes" value="1" description="" />
   <keyValuePair key="cmdmsgdialog_messages" value="13" description="" />
   <keyValuePair key="cmdmsgdialog_ok" value="10" description="" />
   <keyValuePair key="constraintschooserpanel_add_files" value="1" description="" />
   <keyValuePair key="constraintschooserpanel_file_table" value="1" description="" />
   <keyValuePair key="coreandinterfacesbasetreetablepanel_add_repository" value="3" description="" />
   <keyValuePair key="coreandinterfacesbasetreetablepanel_remove_from_project" value="3" description="" />
   <keyValuePair key="coretreetablepanel_add_ip_to_repository" value="1" description="" />
   <keyValuePair key="coretreetablepanel_core_tree_table" value="66" description="" />
   <keyValuePair key="createsrcfiledialog_file_name" value="9" description="" />
   <keyValuePair key="customizecoredialog_ip_location" value="5" description="" />
   <keyValuePair key="customizecoredialog_more_info" value="1" description="" />
   <keyValuePair key="definemodulesdialog_define_modules_and_specify_io_ports" value="14" description="" />
   <keyValuePair key="expruntreepanel_exp_run_tree_table" value="8" description="" />
   <keyValuePair key="filesetpanel_file_set_panel_tree" value="474" description="" />
   <keyValuePair key="filtertoolbar_hide_all" value="1" description="" />
   <keyValuePair key="filtertoolbar_show_all" value="2" description="" />
   <keyValuePair key="flownavigatortreepanel_flow_navigator_tree" value="90" description="" />
   <keyValuePair key="fpgachooser_family" value="1" description="" />
   <keyValuePair key="fpgachooser_fpga_table" value="6" description="" />
   <keyValuePair key="gettingstartedview_create_new_project" value="1" description="" />
   <keyValuePair key="hacgcipsymbol_show_disabled_ports" value="11" description="" />
   <keyValuePair key="hexceptiondialog_continue" value="1" description="" />
   <keyValuePair key="hpopuptitle_close" value="5" description="" />
   <keyValuePair key="instancemenu_floorplanning" value="1" description="" />
   <keyValuePair key="ipstatustablepanel_ip_status_table" value="12" description="" />
   <keyValuePair key="ipstatustablepanel_more_info" value="3" description="" />
   <keyValuePair key="launchpanel_dont_show_this_dialog_again" value="1" description="" />
   <keyValuePair key="logmonitor_monitor" value="1" description="" />
   <keyValuePair key="mainmenumgr_checkpoint" value="8" description="" />
   <keyValuePair key="mainmenumgr_constraints" value="5" description="" />
   <keyValuePair key="mainmenumgr_design_hubs" value="1" description="" />
   <keyValuePair key="mainmenumgr_edit" value="18" description="" />
   <keyValuePair key="mainmenumgr_export" value="6" description="" />
   <keyValuePair key="mainmenumgr_file" value="24" description="" />
   <keyValuePair key="mainmenumgr_flow" value="10" description="" />
   <keyValuePair key="mainmenumgr_help" value="2" description="" />
   <keyValuePair key="mainmenumgr_import" value="3" description="" />
   <keyValuePair key="mainmenumgr_ip" value="9" description="" />
   <keyValuePair key="mainmenumgr_open_recent_project" value="2" description="" />
   <keyValuePair key="mainmenumgr_project" value="14" description="" />
   <keyValuePair key="mainmenumgr_reports" value="8" description="" />
   <keyValuePair key="mainmenumgr_settings" value="1" description="" />
   <keyValuePair key="mainmenumgr_text_editor" value="7" description="" />
   <keyValuePair key="mainmenumgr_tools" value="3" description="" />
   <keyValuePair key="mainmenumgr_view" value="4" description="" />
   <keyValuePair key="mainmenumgr_window" value="8" description="" />
   <keyValuePair key="mainwinmenumgr_layout" value="4" description="" />
   <keyValuePair key="messagewithoptiondialog_dont_show_this_dialog_again" value="1" description="" />
   <keyValuePair key="msgtreepanel_message_severity" value="7" description="" />
   <keyValuePair key="msgtreepanel_message_view_tree" value="289" description="" />
   <keyValuePair key="msgtreepanel_reset_all_message_severities" value="1" description="" />
   <keyValuePair key="msgview_clear_messages_resulting_from_user_executed" value="14" description="" />
   <keyValuePair key="msgview_critical_warnings" value="1" description="" />
   <keyValuePair key="msgview_error_messages" value="3" description="" />
   <keyValuePair key="msgview_information_messages" value="4" description="" />
   <keyValuePair key="msgview_warning_messages" value="12" description="" />
   <keyValuePair key="navigabletimingreporttab_timing_report_navigation_tree" value="32" description="" />
   <keyValuePair key="netlistschmenuandmouse_expand_collapse" value="3" description="" />
   <keyValuePair key="netlistschmenuandmouse_view" value="3" description="" />
   <keyValuePair key="netlisttreeview_netlist_tree" value="4" description="" />
   <keyValuePair key="numjobschooser_number_of_jobs" value="1" description="" />
   <keyValuePair key="openfileaction_ok" value="3" description="" />
   <keyValuePair key="optionsview_close" value="1" description="" />
   <keyValuePair key="pacommandnames_add_sources" value="14" description="" />
   <keyValuePair key="pacommandnames_auto_update_hier" value="26" description="" />
   <keyValuePair key="pacommandnames_close_project" value="1" description="" />
   <keyValuePair key="pacommandnames_core_gen" value="1" description="" />
   <keyValuePair key="pacommandnames_goto_netlist_design" value="1" description="" />
   <keyValuePair key="pacommandnames_open_hardware_manager" value="1" description="" />
   <keyValuePair key="pacommandnames_report_ip_status" value="1" description="" />
   <keyValuePair key="pacommandnames_reports_window" value="3" description="" />
   <keyValuePair key="pacommandnames_run_bitgen" value="10" description="" />
   <keyValuePair key="pacommandnames_run_implementation" value="4" description="" />
   <keyValuePair key="pacommandnames_save_project_as" value="2" description="" />
   <keyValuePair key="pacommandnames_set_used_in_prop" value="1" description="" />
   <keyValuePair key="pacommandnames_show_all_ip_hier" value="1" description="" />
   <keyValuePair key="pacommandnames_src_replace_file" value="1" description="" />
   <keyValuePair key="pacommandnames_toggle_view_nav" value="1" description="" />
   <keyValuePair key="pacommandnames_write_config_memory_file" value="2" description="" />
   <keyValuePair key="pacommandnames_zoom_in" value="1" description="" />
   <keyValuePair key="paviews_code" value="46" description="" />
   <keyValuePair key="paviews_device" value="5" description="" />
   <keyValuePair key="paviews_ip_catalog" value="4" description="" />
   <keyValuePair key="paviews_project_summary" value="5" description="" />
   <keyValuePair key="paviews_schematic" value="2" description="" />
   <keyValuePair key="paviews_system" value="1" description="" />
   <keyValuePair key="planaheadtab_show_flow_navigator" value="2" description="" />
   <keyValuePair key="powerresulttab_report_navigation_tree" value="3" description="" />
   <keyValuePair key="primitivesmenu_highlight_leaf_cells" value="2" description="" />
   <keyValuePair key="progressdialog_background" value="3" description="" />
   <keyValuePair key="projectnamechooser_choose_project_location" value="1" description="" />
   <keyValuePair key="projectnamechooser_project_name" value="2" description="" />
   <keyValuePair key="projecttab_reload" value="11" description="" />
   <keyValuePair key="propertiesview_previous_object" value="1" description="" />
   <keyValuePair key="pulsewidthclockcheckstablepanel_pulse_width_clock_checks_table" value="1" description="" />
   <keyValuePair key="rdicommands_delete" value="11" description="" />
   <keyValuePair key="rdicommands_line_comment" value="9" description="" />
   <keyValuePair key="rdicommands_redo" value="1" description="" />
   <keyValuePair key="rdicommands_save_file" value="1" description="" />
   <keyValuePair key="rdicommands_settings" value="1" description="" />
   <keyValuePair key="rdicommands_undo" value="2" description="" />
   <keyValuePair key="removesourcesdialog_also_delete" value="4" description="" />
   <keyValuePair key="rungadget_show_error_and_critical_warning_messages" value="1" description="" />
   <keyValuePair key="saveprojectutils_save" value="24" description="" />
   <keyValuePair key="schmenuandmouse_expand_and_show_logic_outside_selected" value="1" description="" />
   <keyValuePair key="schmenuandmouse_expand_cone" value="2" description="" />
   <keyValuePair key="selectmenu_highlight" value="2" description="" />
   <keyValuePair key="selectmenu_mark" value="2" description="" />
   <keyValuePair key="settingsprojectgeneralpage_choose_device_for_your_project" value="1" description="" />
   <keyValuePair key="signalproppanels_fixed" value="3" description="" />
   <keyValuePair key="signalproppanels_package_pin" value="1" description="" />
   <keyValuePair key="signaltreepanel_signal_tree_panel" value="2" description="" />
   <keyValuePair key="simpleoutputproductdialog_close_dialog_unsaved_changes_will" value="3" description="" />
   <keyValuePair key="simpleoutputproductdialog_generate_output_products_immediately" value="24" description="" />
   <keyValuePair key="srcchooserpanel_add_hdl_and_netlist_files_to_your_project" value="3" description="" />
   <keyValuePair key="srcchooserpanel_create_file" value="9" description="" />
   <keyValuePair key="srcchooserpanel_scan_and_add_rtl_include_files_into" value="1" description="" />
   <keyValuePair key="srcfileproppanels_more_info" value="3" description="" />
   <keyValuePair key="srcmenu_ip_documentation" value="14" description="" />
   <keyValuePair key="srcmenu_ip_hierarchy" value="21" description="" />
   <keyValuePair key="srcmenu_refresh_hierarchy" value="7" description="" />
   <keyValuePair key="srcmenu_set_file_type" value="1" description="" />
   <keyValuePair key="srcmenu_set_library" value="1" description="" />
   <keyValuePair key="stalemoreaction_out_of_date_details" value="2" description="" />
   <keyValuePair key="stalerundialog_open_design" value="1" description="" />
   <keyValuePair key="syntheticagettingstartedview_recent_projects" value="3" description="" />
   <keyValuePair key="syntheticastatemonitor_cancel" value="3" description="" />
   <keyValuePair key="systembuilderview_add_ip" value="1" description="" />
   <keyValuePair key="systemtreeview_system_tree" value="1" description="" />
   <keyValuePair key="tclobjectview_add_properties" value="1" description="" />
   <keyValuePair key="timingsumresultstab_show_only_failing_checks" value="1" description="" />
   <keyValuePair key="touchpointsurveydialog_no" value="1" description="" />
   <keyValuePair key="touchpointsurveydialog_remind_me_later" value="4" description="" />
   <keyValuePair key="viotreetablepanel_vio_tree_table" value="1" description="" />
   <keyValuePair key="xpg_ipsymbol_show_disabled_ports" value="7" description="" />
   <keyValuePair key="xpg_tabbedpane_tabbed_pane" value="2" description="" />
  </section>
  <section name="java_command_handlers" level="2" order="2" description="">
   <keyValuePair key="addsources" value="14" description="" />
   <keyValuePair key="closeproject" value="1" description="" />
   <keyValuePair key="coreview" value="5" description="" />
   <keyValuePair key="createblockdesign" value="1" description="" />
   <keyValuePair key="customizecore" value="11" description="" />
   <keyValuePair key="editdelete" value="15" description="" />
   <keyValuePair key="editpaste" value="2" description="" />
   <keyValuePair key="editproperties" value="1" description="" />
   <keyValuePair key="editredo" value="1" description="" />
   <keyValuePair key="editundo" value="2" description="" />
   <keyValuePair key="managecompositetargets" value="1" description="" />
   <keyValuePair key="newproject" value="1" description="" />
   <keyValuePair key="openhardwaremanager" value="1" description="" />
   <keyValuePair key="recustomizecore" value="34" description="" />
   <keyValuePair key="reportipstatus" value="1" description="" />
   <keyValuePair key="reporttimingsummary" value="1" description="" />
   <keyValuePair key="runbitgen" value="17" description="" />
   <keyValuePair key="runimplementation" value="32" description="" />
   <keyValuePair key="runschematic" value="3" description="" />
   <keyValuePair key="runsynthesis" value="52" description="" />
   <keyValuePair key="savefileproxyhandler" value="7" description="" />
   <keyValuePair key="saveprojectas" value="2" description="" />
   <keyValuePair key="setsourceenabled" value="1" description="" />
   <keyValuePair key="showview" value="43" description="" />
   <keyValuePair key="timingconstraintswizard" value="2" description="" />
   <keyValuePair key="toggleviewnavigator" value="1" description="" />
   <keyValuePair key="toolssettings" value="1" description="" />
   <keyValuePair key="updatesourcefiles" value="1" description="" />
   <keyValuePair key="viewtaskimplementation" value="6" description="" />
   <keyValuePair key="viewtasksynthesis" value="1" description="" />
   <keyValuePair key="writecfgmemfile" value="1" description="" />
   <keyValuePair key="zoomin" value="1" description="" />
  </section>
  <section name="other_data" level="2" order="3" description="">
   <keyValuePair key="guimode" value="22" description="" />
  </section>
  <section name="project_data" level="2" order="4" description="">
   <keyValuePair key="constraintsetcount" value="1" description="" />
   <keyValuePair key="core_container" value="false" description="" />
   <keyValuePair key="currentimplrun" value="impl_1" description="" />
   <keyValuePair key="currentsynthesisrun" value="synth_1" description="" />
   <keyValuePair key="default_library" value="xil_defaultlib" description="" />
   <keyValuePair key="designmode" value="RTL" description="" />
   <keyValuePair key="export_simulation_activehdl" value="19" description="" />
   <keyValuePair key="export_simulation_ies" value="19" description="" />
   <keyValuePair key="export_simulation_modelsim" value="19" description="" />
   <keyValuePair key="export_simulation_questa" value="19" description="" />
   <keyValuePair key="export_simulation_riviera" value="19" description="" />
   <keyValuePair key="export_simulation_vcs" value="19" description="" />
   <keyValuePair key="export_simulation_xsim" value="19" description="" />
   <keyValuePair key="implstrategy" value="Vivado Implementation Defaults" description="" />
   <keyValuePair key="launch_simulation_activehdl" value="0" description="" />
   <keyValuePair key="launch_simulation_ies" value="0" description="" />
   <keyValuePair key="launch_simulation_modelsim" value="0" description="" />
   <keyValuePair key="launch_simulation_questa" value="0" description="" />
   <keyValuePair key="launch_simulation_riviera" value="0" description="" />
   <keyValuePair key="launch_simulation_vcs" value="0" description="" />
   <keyValuePair key="launch_simulation_xsim" value="0" description="" />
   <keyValuePair key="simulator_language" value="Mixed" description="" />
   <keyValuePair key="srcsetcount" value="6" description="" />
   <keyValuePair key="synthesisstrategy" value="Vivado Synthesis Defaults" description="" />
   <keyValuePair key="target_language" value="Verilog" description="" />
   <keyValuePair key="target_simulator" value="XSim" description="" />
   <keyValuePair key="totalimplruns" value="3" description="" />
   <keyValuePair key="totalsynthesisruns" value="3" description="" />
  </section>
 </section>
</section>
</webTalkData>
